Year,Forecast,Lower Bound,Upper Bound
2016,69385915.91940491,-25800785.078641675,154051573.12680286
2017,69125761.80377461,-16684363.36242784,149678287.66723675
2018,70068519.47518843,-16634011.58323301,158450483.78345525
2019,70944688.412999,-11047155.540918259,158328280.80444422
2020,71753920.91785724,-12356611.20189217,154251038.937818
2021,71493766.80351818,-17317446.81872997,156474476.98215535
2022,72436524.47702107,-16664107.802762026,158357523.91133425
2022,73777874.26576272,-14009079.415011313,161375615.42651036
2023,74317687.84635258,-8166548.9025552645,162355737.62699175
2024,74863964.25073455,-17869711.412099577,158894162.23570502
