{
  "k": 1.5,
  "threshold": 2768.200144366595,
  "metrics": {
    "sensitivity": 0.8421052631578947,
    "specificity": 0.9523809523809523,
    "ppv": 0.8,
    "npv": 0.963855421686747
  }
}