{
  "k": 1.0,
  "threshold": 2246.25434461041,
  "metrics": {
    "sensitivity": 0.8846153846153846,
    "specificity": 0.987012987012987,
    "ppv": 0.9583333333333334,
    "npv": 0.9620253164556962
  }
}